-- +goose Up
-- +goose StatementBegin
INSERT INTO images (image_id, image) VALUES
                                         ('b1eebc99-9c0b-4ef8-bb6d-6bb9bd380a22', decode('iVBORw0KGgoAAAANSUhEUgAAAAEAAAABCAYAAAAfFcSJAAAADUlEQVR42mNk+M9QDwADhgGAWjR9awAAAABJRU5ErkJggg==', 'base64')),
                                         ('c2eebc99-9c0b-4ef8-bb6d-6bb9bd380a33', decode('iVBORw0KGgoAAAANSUhEUgAAAAEAAAABCAYAAAAfFcSJAAAADUlEQVR42mNk+M9QDwADhgGAWjR9awAAAABJRU5ErkJggg==', 'base64')),
                                         ('d3eebc99-9c0b-4ef8-bb6d-6bb9bd380a44', decode('iVBORw0KGgoAAAANSUhEUgAAAAEAAAABCAYAAAAfFcSJAAAADUlEQVR42mNk+M9QDwADhgGAWjR9awAAAABJRU5ErkJggg==', 'base64')),
                                         ('e4eebc99-9c0b-4ef8-bb6d-6bb9bd380a55', decode('iVBORw0KGgoAAAANSUhEUgAAAAEAAAABCAYAAAAfFcSJAAAADUlEQVR42mNk+M9QDwADhgGAWjR9awAAAABJRU5ErkJggg==', 'base64')),
                                         ('f5eebc99-9c0b-4ef8-bb6d-6bb9bd380a66', decode('iVBORw0KGgoAAAANSUhEUgAAAAEAAAABCAYAAAAfFcSJAAAADUlEQVR42mNk+M9QDwADhgGAWjR9awAAAABJRU5ErkJggg==', 'base64'));

INSERT INTO address (address_id, country, city, street) VALUES
                                                            ('550e8400-e29b-41d4-a716-446655440000', 'Россия', 'Москва', 'Технопарк, 15'),
                                                            ('550e8400-e29b-41d4-a716-446655440001', 'Россия', 'Санкт-Петербург', 'Невский проспект, 28'),
                                                            ('550e8400-e29b-41d4-a716-446655440002', 'Россия', 'Екатеринбург', 'Ленина, 45'),
                                                            ('550e8400-e29b-41d4-a716-446655440003', 'Россия', 'Новосибирск', 'Красный проспект, 12'),
                                                            ('550e8400-e29b-41d4-a716-446655440004', 'Россия', 'Казань', 'Баумана, 8'),
                                                            ('550e8400-e29b-41d4-a716-446655440005', 'Россия', 'Челябинск', 'Победы, 22'),
                                                            ('550e8400-e29b-41d4-a716-446655440006', 'Россия', 'Краснодар', 'Красная, 50'),
                                                            ('550e8400-e29b-41d4-a716-446655440007', 'Россия', 'Самара', 'Галактионовская, 30'),
                                                            ('550e8400-e29b-41d4-a716-446655440008', 'Россия', 'Ростов-на-Дону', 'Большая Садовая, 10'),
                                                            ('550e8400-e29b-41d4-a716-446655440009', 'Россия', 'Уфа', 'Ленина, 15');

INSERT INTO category (category_id, category) VALUES
                                                 ('111e8400-e29b-41d4-a716-446655440001', 'Холодильники'),
                                                 ('111e8400-e29b-41d4-a716-446655440002', 'Стиральные машины'),
                                                 ('111e8400-e29b-41d4-a716-446655440003', 'Телевизоры'),
                                                 ('111e8400-e29b-41d4-a716-446655440004', 'Микроволновые печи'),
                                                 ('111e8400-e29b-41d4-a716-446655440005', 'Пылесосы'),
                                                 ('111e8400-e29b-41d4-a716-446655440006', 'Кондиционеры'),
                                                 ('111e8400-e29b-41d4-a716-446655440007', 'Посудомоечные машины'),
                                                 ('111e8400-e29b-41d4-a716-446655440008', 'Вытяжки'),
                                                 ('111e8400-e29b-41d4-a716-446655440009', 'Варочные панели'),
                                                 ('111e8400-e29b-41d4-a716-446655440010', 'Духовые шкафы');

INSERT INTO supplier (supplier_id, name, address_id, phone_number) VALUES
                                                                       ('222e8400-e29b-41d4-a716-446655440001', 'ООО ТехноСнаб', '550e8400-e29b-41d4-a716-446655440000', '+74951234567'),
                                                                       ('222e8400-e29b-41d4-a716-446655440002', 'АО БытТехника', '550e8400-e29b-41d4-a716-446655440001', '+78122345678'),
                                                                       ('222e8400-e29b-41d4-a716-446655440003', 'ИП ЭлектроМаркет', '550e8400-e29b-41d4-a716-446655440002', '+73433456789'),
                                                                       ('222e8400-e29b-41d4-a716-446655440004', 'ООО ХолодМастер', '550e8400-e29b-41d4-a716-446655440003', '+73834567890'),
                                                                       ('222e8400-e29b-41d4-a716-446655440005', 'АО КлиматПро', '550e8400-e29b-41d4-a716-446655440004', '+78435678901');

INSERT INTO client (client_id, name, surname, birthday, gender, registration_date, address_id) VALUES
                                                                                                   ('333e8400-e29b-41d4-a716-446655440001', 'Иван', 'Иванов', '1990-05-15', 'male', '2023-01-10 10:00:00+03', '550e8400-e29b-41d4-a716-446655440005'),
                                                                                                   ('333e8400-e29b-41d4-a716-446655440002', 'Мария', 'Петрова', '1985-08-22', 'female', '2023-02-15 14:30:00+03', '550e8400-e29b-41d4-a716-446655440006'),
                                                                                                   ('333e8400-e29b-41d4-a716-446655440003', 'Алексей', 'Сидоров', '1995-11-30', 'male', '2023-03-20 09:15:00+03', '550e8400-e29b-41d4-a716-446655440007'),
                                                                                                   ('333e8400-e29b-41d4-a716-446655440004', 'Елена', 'Козлова', '1988-03-12', 'female', '2023-04-05 16:45:00+03', '550e8400-e29b-41d4-a716-446655440008'),
                                                                                                   ('333e8400-e29b-41d4-a716-446655440005', 'Дмитрий', 'Смирнов', '1992-07-19', 'male', '2023-05-12 11:20:00+03', '550e8400-e29b-41d4-a716-446655440009');

INSERT INTO product (product_id, name, category_id, price, available_stock, last_update_date, supplier_id, image_id) VALUES
                                                                                                                         ('a0eebc99-9c0b-4ef8-bb6d-6bb9bd380a11', 'Холодильник Samsung RB38A7861B1', '111e8400-e29b-41d4-a716-446655440001', 75990.00, 15, '2024-01-15 10:00:00+03', '222e8400-e29b-41d4-a716-446655440001', 'b1eebc99-9c0b-4ef8-bb6d-6bb9bd380a22'),
                                                                                                                         ('a0eebc99-9c0b-4ef8-bb6d-6bb9bd380a12', 'Холодильник LG GA-B419SLQL', '111e8400-e29b-41d4-a716-446655440001', 68500.00, 8, '2024-01-18 14:30:00+03', '222e8400-e29b-41d4-a716-446655440002', 'c2eebc99-9c0b-4ef8-bb6d-6bb9bd380a33'),
                                                                                                                         ('a0eebc99-9c0b-4ef8-bb6d-6bb9bd380a13', 'Стиральная машина Bosch WAT28440OE', '111e8400-e29b-41d4-a716-446655440002', 42990.00, 12, '2024-02-01 09:15:00+03', '222e8400-e29b-41d4-a716-446655440003', 'd3eebc99-9c0b-4ef8-bb6d-6bb9bd380a44'),
                                                                                                                         ('a0eebc99-9c0b-4ef8-bb6d-6bb9bd380a14', 'Стиральная машина Indesit IWSB 61051', '111e8400-e29b-41d4-a716-446655440002', 28500.00, 20, '2024-02-05 16:45:00+03', '222e8400-e29b-41d4-a716-446655440001', 'e4eebc99-9c0b-4ef8-bb6d-6bb9bd380a55'),
                                                                                                                         ('a0eebc99-9c0b-4ef8-bb6d-6bb9bd380a15', 'Телевизор Samsung UE55AU7100UXRU', '111e8400-e29b-41d4-a716-446655440003', 59990.00, 10, '2024-02-10 11:20:00+03', '222e8400-e29b-41d4-a716-446655440004', 'f5eebc99-9c0b-4ef8-bb6d-6bb9bd380a66'),
                                                                                                                         ('a0eebc99-9c0b-4ef8-bb6d-6bb9bd380a16', 'Телевизор LG 43LM6350PLA', '111e8400-e29b-41d4-a716-446655440003', 45990.00, 18, '2024-02-12 13:00:00+03', '222e8400-e29b-41d4-a716-446655440002', NULL),
                                                                                                                         ('a0eebc99-9c0b-4ef8-bb6d-6bb9bd380a17', 'Микроволновая печь Panasonic NN-ST27JWZPE', '111e8400-e29b-41d4-a716-446655440004', 12990.00, 25, '2024-02-15 10:30:00+03', '222e8400-e29b-41d4-a716-446655440003', NULL),
                                                                                                                         ('a0eebc99-9c0b-4ef8-bb6d-6bb9bd380a18', 'Пылесос Dyson V11 Absolute', '111e8400-e29b-41d4-a716-446655440005', 69990.00, 7, '2024-02-18 15:45:00+03', '222e8400-e29b-41d4-a716-446655440005', NULL),
                                                                                                                         ('a0eebc99-9c0b-4ef8-bb6d-6bb9bd380a19', 'Кондиционер Daikin FTXB20C', '111e8400-e29b-41d4-a716-446655440006', 48500.00, 9, '2024-02-20 09:00:00+03', '222e8400-e29b-41d4-a716-446655440001', NULL),
                                                                                                                         ('a0eebc99-9c0b-4ef8-bb6d-6bb9bd380a20', 'Посудомоечная машина Bosch SPV4EMX10E', '111e8400-e29b-41d4-a716-446655440007', 52990.00, 11, '2024-02-22 14:15:00+03', '222e8400-e29b-41d4-a716-446655440002', NULL),
                                                                                                                         ('a0eebc99-9c0b-4ef8-bb6d-6bb9bd380a21', 'Вытяжка Cata TF 2003 DURALUM', '111e8400-e29b-41d4-a716-446655440008', 18990.00, 14, '2024-02-25 11:30:00+03', '222e8400-e29b-41d4-a716-446655440003', NULL),
                                                                                                                         ('a0eebc99-9c0b-4ef8-bb6d-6bb9bd380a22', 'Варочная панель Bosch PVS611F90E', '111e8400-e29b-41d4-a716-446655440009', 32500.00, 6, '2024-02-28 16:00:00+03', '222e8400-e29b-41d4-a716-446655440004', NULL),
                                                                                                                         ('a0eebc99-9c0b-4ef8-bb6d-6bb9bd380a23', 'Духовой шкаф Electrolux EOF5P10X', '111e8400-e29b-41d4-a716-446655440010', 39990.00, 8, '2024-03-01 10:45:00+03', '222e8400-e29b-41d4-a716-446655440005', NULL);
-- +goose StatementEnd

-- +goose Down
-- +goose StatementBegin
DELETE FROM product;
DELETE FROM client;
DELETE FROM supplier;
DELETE FROM category;
DELETE FROM images;
DELETE FROM address;
-- +goose StatementEnd